column,dtype,missing_count,missing_pct,mean,std,min,25%,median,75%,max
specialist_visits,int64,0,0.0,1.4206161137440758,1.3291282650088687,0,0.0,2.0,2.0,15
emergency_visits,int64,0,0.0,0.20971563981042654,0.7456508957438167,0,0.0,0.0,0.0,13
Number_of_imaging_orders,int64,0,0.0,1.3214849921011058,1.4972159036698467,0,1.0,1.0,1.0,23
Number_pain_meds,int64,0,0.0,3.3270142180094786,3.227629084063218,0,1.0,2.0,4.0,48
Number_referrals,int64,0,0.0,0.8628554502369669,1.3757950104470948,0,0.0,0.0,1.0,15
