column,dtype,missing_count,missing_pct,mean,std,min,25%,median,75%,max
physician_time_count,int64,0,0.0,2.283471563981043,2.202881340256565,0,0.0,2.0,3.0,18
med_resources_count,int64,0,0.0,4.858214849921011,4.350320504128734,0,2.0,3.0,6.0,63
