column,dtype,missing_count,missing_pct,mean,std,min,25%,median,75%,max
specialist_visits,int64,0,0.0,1.9910034602076125,1.3721966091208888,0,1.0,2.0,3.0,10
emergency_visits,int64,0,0.0,0.3460207612456747,0.9581009901659551,0,0.0,0.0,0.0,16
Number_of_hospitalizations,int64,0,0.0,0.19273356401384084,0.5416688329197966,0,0.0,0.0,0.0,7
Number_of_imaging_orders,int64,0,0.0,4.7643598615916956,2.6411374733723396,0,3.0,4.0,6.0,22
Number_pain_meds,int64,0,0.0,8.136332179930795,4.874197402530243,0,5.0,7.0,10.0,38
Number_of_PT_encounters,int64,0,0.0,0.06055363321799308,0.7192172763121116,0,0.0,0.0,0.0,14
