column,dtype,missing_count,missing_pct,mean,std,min,25%,median,75%,max
specialist_visits,int64,0,0.0,1.9910034602076125,1.3721966091208888,0,1.0,2.0,3.0,10
emergency_visits,int64,0,0.0,0.3460207612456747,0.9581009901659551,0,0.0,0.0,0.0,16
Number_of_imaging_orders,int64,0,0.0,4.7643598615916956,2.6411374733723396,0,3.0,4.0,6.0,22
Number_pain_meds,int64,0,0.0,8.136332179930795,4.874197402530243,0,5.0,7.0,10.0,38
Number_referrals,int64,0,0.0,1.4311418685121107,1.6666456106493306,0,0.0,1.0,2.0,12
