column,dtype,missing_count,missing_pct,mean,std,min,25%,median,75%,max
physician_time_count,int64,0,0.0,3.422145328719723,2.4578821645561404,0,2.0,3.0,5.0,15
med_resources_count,int64,0,0.0,13.246712802768165,6.371370006004877,0,9.0,12.0,16.0,50
