Procedure,Outcome,Features,Model,AUC_mean,AUC_std,Acc_mean,Acc_std,loss_mean,loss_std,sn_mean,sp_mean,sn_std,sp_std,n_mean,label_n_mean,label_n_std,n_std,count,ci_auc,ci_sn,ci_sp
Fusion,High_Health_Utilizer,Health_Util_Features,ASA,0.598,0.028136543727664682,0.8439446366782006,6.990675048803885e-4,0.13,0.0015433144622374894,0,1,0,0,2890,451,0,0,50,0.01,0,0
Fusion,High_Health_Utilizer,Health_Util_Features,Dummy,0.5,0,0.8439446366782006,6.990675048803885e-4,0.13,4.812892304902184e-4,0,1,0,0,2890,451,0,0,50,0,0,0
Fusion,High_Health_Utilizer,Health_Util_Features,ENet,0.727,0.024169545005540725,0.6270242214532872,0.01899448228455599,0.21,0.005890632190083782,0.7246178266178266,0.6089842461372741,0.05225772794985832,0.025154278064203783,2890,451,0,0,50,0.01,0.01,0.01
Fusion,High_Health_Utilizer,Health_Util_Features,LinSVC_Kernel,0.728,0.02678731967126463,0.6285813148788927,0.019674869620512254,0.22,0.00632111406331864,0.715958485958486,0.612424681051604,0.04892794568789174,0.026422206913823198,2890,451,0,0,50,0.01,0.01,0.01
Fusion,High_Health_Utilizer,Health_Util_Features,LinearSVC,0.719,0.022480862237791718,0.6413840830449827,0.016143162528087864,0.22,0.0034751761916559055,0.6685250305250305,0.6363688692900663,0.042273462703484976,0.02065387555079089,2890,451,0,0,50,0.01,0.01,0.01
Fusion,High_Health_Utilizer,Health_Util_Features,NN,0.709,0.025195929736513186,0.6435294117647059,0.040861018911030805,0.21,0.01585022772346565,0.6505372405372405,0.6422292725620224,0.0881835673318246,0.06127672149249075,2890,451,0,0,50,0.01,0.02,0.02
Fusion,High_Health_Utilizer,Health_Util_Features,RF,0.723,0.02517344612594535,0.6655709342560554,0.03665982581116975,0.19,0.009830554019379755,0.6440854700854701,0.6695368936614265,0.07282794488237086,0.05179075907531697,2890,451,0,0,50,0.01,0.02,0.01
Fusion,High_Health_Utilizer,Health_Util_Features,XGB,0.709,0.022820918920884125,0.6334948096885813,0.038419086312597064,0.21,0.010778220841674036,0.6702319902319902,0.6266890800148113,0.08480014891732963,0.0574495095551505,2890,451,0,0,50,0.01,0.02,0.02
