,Procedure,Outcome,Features,Model,Rep,Fold,W_F1,AUC,MAE,R2,RMSE,Log-Loss,Brier-Loss,Accuracy,Balanced_Accuracy,Sensitivity,Specificity,NPV,PPV,c_matrix,n,label_n
0,Fusion,High_Health_Utilizer,Health_Util_Features,Full_dataset,0,0,0.6837941741799416,0.7492774927749277,NA,NA,NA,0.5958677802835359,0.20765999635397966,0.6335640138408305,0.6871164166187116,0.7649667405764967,0.6092660926609266,0.9334170854271356,0.2657935285053929,"[[1486  953]
 [ 106  345]]",2890,451
