,Procedure,Outcome,Features,Model,Rep,Fold,W_F1,AUC,MAE,R2,RMSE,Log-Loss,Brier-Loss,Accuracy,Balanced_Accuracy,Sensitivity,Specificity,NPV,PPV,c_matrix,n,label_n
0,Decompression,High_Health_Utilizer,Health_Util_Features,Full_dataset,0,0,0.8315316838009338,0.904993448482688,NA,NA,NA,0.4533065357611325,0.142461932564126,0.8184241706161137,0.8229641935550589,0.8305418719211822,0.8153865151889356,0.9504822225421045,0.5300220056585979,"[[6603 1495]
 [ 344 1686]]",10128,2030
